<?xml version="1.0" encoding="ISO-8859-1"?><pnml>
    <net id="Net-One" type="P/T net">
        <token id="Default" enabled="true" red="0" green="0" blue="0"/>
        <place id="P0">
            <graphics>
                <position x="240.0" y="135.0"/>
            </graphics>
            <name>
                <value>P0</value>
                <graphics>
                    <offset x="0.0" y="0.0"/>
                </graphics>
            </name>
            <initialMarking>
                <value>Default,3</value>
                <graphics>
                    <offset x="0.0" y="0.0"/>
                </graphics>
            </initialMarking>
            <capacity>
                <value>0</value>
            </capacity>
        </place>
        <place id="P1">
            <graphics>
                <position x="240.0" y="240.0"/>
            </graphics>
            <name>
                <value>P1</value>
                <graphics>
                    <offset x="0.0" y="0.0"/>
                </graphics>
            </name>
            <initialMarking>
                <value>Default,3</value>
                <graphics>
                    <offset x="0.0" y="0.0"/>
                </graphics>
            </initialMarking>
            <capacity>
                <value>0</value>
            </capacity>
        </place>
        <place id="P2">
            <graphics>
                <position x="240.0" y="345.0"/>
            </graphics>
            <name>
                <value>P2</value>
                <graphics>
                    <offset x="0.0" y="0.0"/>
                </graphics>
            </name>
            <initialMarking>
                <value>Default,3</value>
                <graphics>
                    <offset x="0.0" y="0.0"/>
                </graphics>
            </initialMarking>
            <capacity>
                <value>0</value>
            </capacity>
        </place>
        <place id="P3">
            <graphics>
                <position x="240.0" y="450.0"/>
            </graphics>
            <name>
                <value>P3</value>
                <graphics>
                    <offset x="0.0" y="0.0"/>
                </graphics>
            </name>
            <initialMarking>
                <value>Default,3</value>
                <graphics>
                    <offset x="0.0" y="0.0"/>
                </graphics>
            </initialMarking>
            <capacity>
                <value>0</value>
            </capacity>
        </place>
        <place id="P4">
            <graphics>
                <position x="435.0" y="300.0"/>
            </graphics>
            <name>
                <value>P4</value>
                <graphics>
                    <offset x="0.0" y="0.0"/>
                </graphics>
            </name>
            <initialMarking>
                <value>Default,0</value>
                <graphics>
                    <offset x="0.0" y="0.0"/>
                </graphics>
            </initialMarking>
            <capacity>
                <value>1</value>
            </capacity>
        </place>
        <place id="P5">
            <graphics>
                <position x="525.0" y="495.0"/>
            </graphics>
            <name>
                <value>P5</value>
                <graphics>
                    <offset x="0.0" y="0.0"/>
                </graphics>
            </name>
            <initialMarking>
                <value>Default,0</value>
                <graphics>
                    <offset x="0.0" y="0.0"/>
                </graphics>
            </initialMarking>
            <capacity>
                <value>1</value>
            </capacity>
        </place>
        <place id="P6">
            <graphics>
                <position x="435.0" y="180.0"/>
            </graphics>
            <name>
                <value>P6</value>
                <graphics>
                    <offset x="0.0" y="0.0"/>
                </graphics>
            </name>
            <initialMarking>
                <value>Default,0</value>
                <graphics>
                    <offset x="0.0" y="0.0"/>
                </graphics>
            </initialMarking>
            <capacity>
                <value>2</value>
            </capacity>
        </place>
        <place id="P7">
            <graphics>
                <position x="540.0" y="80.0"/>
            </graphics>
            <name>
                <value>P7</value>
                <graphics>
                    <offset x="0.0" y="0.0"/>
                </graphics>
            </name>
            <initialMarking>
                <value>Default,1</value>
                <graphics>
                    <offset x="0.0" y="0.0"/>
                </graphics>
            </initialMarking>
            <capacity>
                <value>0</value>
            </capacity>
        </place>
        <place id="P8">
            <graphics>
                <position x="735.0" y="80.0"/>
            </graphics>
            <name>
                <value>P8</value>
                <graphics>
                    <offset x="0.0" y="0.0"/>
                </graphics>
            </name>
            <initialMarking>
                <value>Default,0</value>
                <graphics>
                    <offset x="0.0" y="0.0"/>
                </graphics>
            </initialMarking>
            <capacity>
                <value>0</value>
            </capacity>
        </place>
        <place id="P9">
            <graphics>
                <position x="195.0" y="23.0"/>
            </graphics>
            <name>
                <value>P9</value>
                <graphics>
                    <offset x="0.0" y="0.0"/>
                </graphics>
            </name>
            <initialMarking>
                <value>Default,0</value>
                <graphics>
                    <offset x="0.0" y="0.0"/>
                </graphics>
            </initialMarking>
            <capacity>
                <value>0</value>
            </capacity>
        </place>
        <transition id="T0">
            <graphics>
                <position x="330.0" y="180.0"/>
            </graphics>
            <name>
                <value>T0</value>
                <graphics>
                    <offset x="-5.0" y="35.0"/>
                </graphics>
            </name>
            <orientation>
                <value>0</value>
            </orientation>
            <rate>
                <value>1.0</value>
            </rate>
            <timed>
                <value>false</value>
            </timed>
            <infiniteServer>
                <value>false</value>
            </infiniteServer>
            <priority>
                <value>1</value>
            </priority>
        </transition>
        <transition id="T1">
            <graphics>
                <position x="330.0" y="300.0"/>
            </graphics>
            <name>
                <value>T1</value>
                <graphics>
                    <offset x="-5.0" y="35.0"/>
                </graphics>
            </name>
            <orientation>
                <value>0</value>
            </orientation>
            <rate>
                <value>1.0</value>
            </rate>
            <timed>
                <value>false</value>
            </timed>
            <infiniteServer>
                <value>false</value>
            </infiniteServer>
            <priority>
                <value>1</value>
            </priority>
        </transition>
        <transition id="T2">
            <graphics>
                <position x="525.0" y="300.0"/>
            </graphics>
            <name>
                <value>T2</value>
                <graphics>
                    <offset x="-5.0" y="35.0"/>
                </graphics>
            </name>
            <orientation>
                <value>0</value>
            </orientation>
            <rate>
                <value>1.0</value>
            </rate>
            <timed>
                <value>false</value>
            </timed>
            <infiniteServer>
                <value>false</value>
            </infiniteServer>
            <priority>
                <value>1</value>
            </priority>
        </transition>
        <transition id="T3">
            <graphics>
                <position x="525.0" y="585.0"/>
            </graphics>
            <name>
                <value>T3</value>
                <graphics>
                    <offset x="-5.0" y="35.0"/>
                </graphics>
            </name>
            <orientation>
                <value>0</value>
            </orientation>
            <rate>
                <value>1.0</value>
            </rate>
            <timed>
                <value>false</value>
            </timed>
            <infiniteServer>
                <value>false</value>
            </infiniteServer>
            <priority>
                <value>1</value>
            </priority>
        </transition>
        <transition id="T4">
            <graphics>
                <position x="435.0" y="15.0"/>
            </graphics>
            <name>
                <value>T4</value>
                <graphics>
                    <offset x="-5.0" y="35.0"/>
                </graphics>
            </name>
            <orientation>
                <value>0</value>
            </orientation>
            <rate>
                <value>1.0</value>
            </rate>
            <timed>
                <value>false</value>
            </timed>
            <infiniteServer>
                <value>false</value>
            </infiniteServer>
            <priority>
                <value>1</value>
            </priority>
        </transition>
        <transition id="T5">
            <graphics>
                <position x="630.0" y="80.0"/>
            </graphics>
            <name>
                <value>T5</value>
                <graphics>
                    <offset x="-5.0" y="35.0"/>
                </graphics>
            </name>
            <orientation>
                <value>0</value>
            </orientation>
            <rate>
                <value>1.0</value>
            </rate>
            <timed>
                <value>false</value>
            </timed>
            <infiniteServer>
                <value>false</value>
            </infiniteServer>
            <priority>
                <value>1</value>
            </priority>
        </transition>
        <transition id="T6">
            <graphics>
                <position x="735.0" y="170.0"/>
            </graphics>
            <name>
                <value>T6</value>
                <graphics>
                    <offset x="-5.0" y="35.0"/>
                </graphics>
            </name>
            <orientation>
                <value>0</value>
            </orientation>
            <rate>
                <value>1.0</value>
            </rate>
            <timed>
                <value>false</value>
            </timed>
            <infiniteServer>
                <value>false</value>
            </infiniteServer>
            <priority>
                <value>1</value>
            </priority>
        </transition>
        <transition id="T7">
            <graphics>
                <position x="75.0" y="23.0"/>
            </graphics>
            <name>
                <value>T7</value>
                <graphics>
                    <offset x="-5.0" y="35.0"/>
                </graphics>
            </name>
            <orientation>
                <value>0</value>
            </orientation>
            <rate>
                <value>1.0</value>
            </rate>
            <timed>
                <value>false</value>
            </timed>
            <infiniteServer>
                <value>false</value>
            </infiniteServer>
            <priority>
                <value>1</value>
            </priority>
        </transition>
        <arc id="P0 to T0" source="P0" target="T0">
            <graphics/>
            <inscription>
                <value>Default,1</value>
                <graphics/>
            </inscription>
            <tagged>
                <value>false</value>
            </tagged>
            <arcpath id="000" x="265" y="153" curvePoint="false"/>
            <arcpath id="001" x="337" y="187" curvePoint="false"/>
            <type value="normal"/>
        </arc>
        <arc id="P1 to T0" source="P1" target="T0">
            <graphics/>
            <inscription>
                <value>Default,1</value>
                <graphics/>
            </inscription>
            <tagged>
                <value>false</value>
            </tagged>
            <arcpath id="000" x="264" y="243" curvePoint="false"/>
            <arcpath id="001" x="336" y="197" curvePoint="false"/>
            <type value="normal"/>
        </arc>
        <arc id="P1 to T1" source="P1" target="T1">
            <graphics/>
            <inscription>
                <value>Default,1</value>
                <graphics/>
            </inscription>
            <tagged>
                <value>false</value>
            </tagged>
            <arcpath id="000" x="264" y="260" curvePoint="false"/>
            <arcpath id="001" x="337" y="306" curvePoint="false"/>
            <type value="normal"/>
        </arc>
        <arc id="P2 to T1" source="P2" target="T1">
            <graphics/>
            <inscription>
                <value>Default,1</value>
                <graphics/>
            </inscription>
            <tagged>
                <value>false</value>
            </tagged>
            <arcpath id="000" x="265" y="350" curvePoint="false"/>
            <arcpath id="001" x="336" y="313" curvePoint="false"/>
            <type value="normal"/>
        </arc>
        <arc id="P3 to T1" source="P3" target="T1">
            <graphics/>
            <inscription>
                <value>Default,1</value>
                <graphics/>
            </inscription>
            <tagged>
                <value>false</value>
            </tagged>
            <arcpath id="000" x="259" y="449" curvePoint="false"/>
            <arcpath id="001" x="336" y="320" curvePoint="false"/>
            <type value="normal"/>
        </arc>
        <arc id="P4 to T2" source="P4" target="T2">
            <graphics/>
            <inscription>
                <value>Default,1</value>
                <graphics/>
            </inscription>
            <tagged>
                <value>false</value>
            </tagged>
            <arcpath id="000" x="461" y="312" curvePoint="false"/>
            <arcpath id="001" x="531" y="312" curvePoint="false"/>
            <type value="normal"/>
        </arc>
        <arc id="P5 to T3" source="P5" target="T3">
            <graphics/>
            <inscription>
                <value>Default,1</value>
                <graphics/>
            </inscription>
            <tagged>
                <value>false</value>
            </tagged>
            <arcpath id="000" x="537" y="521" curvePoint="false"/>
            <arcpath id="001" x="537" y="582" curvePoint="false"/>
            <type value="normal"/>
        </arc>
        <arc id="P6 to T4" source="P6" target="T4">
            <graphics/>
            <inscription>
                <value>Default,1</value>
                <graphics/>
            </inscription>
            <tagged>
                <value>false</value>
            </tagged>
            <arcpath id="000" x="447" y="177" curvePoint="false"/>
            <arcpath id="001" x="447" y="42" curvePoint="false"/>
            <type value="normal"/>
        </arc>
        <arc id="P7 to T0" source="P7" target="T0">
            <graphics/>
            <inscription>
                <value/>
                <graphics/>
            </inscription>
            <tagged>
                <value/>
            </tagged>
            <arcpath id="000" x="538" y="98" curvePoint="false"/>
            <arcpath id="001" x="347" y="187" curvePoint="false"/>
            <type value="inhibitor"/>
        </arc>
        <arc id="P7 to T5" source="P7" target="T5">
            <graphics/>
            <inscription>
                <value>Default,1</value>
                <graphics/>
            </inscription>
            <tagged>
                <value>false</value>
            </tagged>
            <arcpath id="000" x="566" y="92" curvePoint="false"/>
            <arcpath id="001" x="636" y="92" curvePoint="false"/>
            <type value="normal"/>
        </arc>
        <arc id="P8 to T6" source="P8" target="T6">
            <graphics/>
            <inscription>
                <value>Default,1</value>
                <graphics/>
            </inscription>
            <tagged>
                <value>false</value>
            </tagged>
            <arcpath id="000" x="747" y="106" curvePoint="false"/>
            <arcpath id="001" x="747" y="167" curvePoint="false"/>
            <type value="normal"/>
        </arc>
        <arc id="P9 to T7" source="P9" target="T7">
            <graphics/>
            <inscription>
                <value>Default,1</value>
                <graphics/>
            </inscription>
            <tagged>
                <value>false</value>
            </tagged>
            <arcpath id="000" x="192" y="33" curvePoint="false"/>
            <arcpath id="001" x="92" y="27" curvePoint="false"/>
            <type value="normal"/>
        </arc>
        <arc id="T0 to P6" source="T0" target="P6">
            <graphics/>
            <inscription>
                <value>Default,1</value>
                <graphics/>
            </inscription>
            <tagged>
                <value>false</value>
            </tagged>
            <arcpath id="000" x="346" y="197" curvePoint="false"/>
            <arcpath id="001" x="432" y="192" curvePoint="false"/>
            <type value="normal"/>
        </arc>
        <arc id="T1 to P4" source="T1" target="P4">
            <graphics/>
            <inscription>
                <value>Default,1</value>
                <graphics/>
            </inscription>
            <tagged>
                <value>false</value>
            </tagged>
            <arcpath id="000" x="346" y="312" curvePoint="false"/>
            <arcpath id="001" x="432" y="312" curvePoint="false"/>
            <type value="normal"/>
        </arc>
        <arc id="T2 to P5" source="T2" target="P5">
            <graphics/>
            <inscription>
                <value>Default,1</value>
                <graphics/>
            </inscription>
            <tagged>
                <value>false</value>
            </tagged>
            <arcpath id="000" x="537" y="327" curvePoint="false"/>
            <arcpath id="001" x="537" y="492" curvePoint="false"/>
            <type value="normal"/>
        </arc>
        <arc id="T3 to P1" source="T3" target="P1">
            <graphics/>
            <inscription>
                <value>Default,1</value>
                <graphics/>
            </inscription>
            <tagged>
                <value>false</value>
            </tagged>
            <arcpath id="000" x="532" y="591" curvePoint="false"/>
            <arcpath id="001" x="261" y="263" curvePoint="false"/>
            <type value="normal"/>
        </arc>
        <arc id="T3 to P2" source="T3" target="P2">
            <graphics/>
            <inscription>
                <value>Default,1</value>
                <graphics/>
            </inscription>
            <tagged>
                <value>false</value>
            </tagged>
            <arcpath id="000" x="531" y="598" curvePoint="false"/>
            <arcpath id="001" x="263" y="366" curvePoint="false"/>
            <type value="normal"/>
        </arc>
        <arc id="T3 to P3" source="T3" target="P3">
            <graphics/>
            <inscription>
                <value>Default,1</value>
                <graphics/>
            </inscription>
            <tagged>
                <value>false</value>
            </tagged>
            <arcpath id="000" x="531" y="605" curvePoint="false"/>
            <arcpath id="001" x="265" y="468" curvePoint="false"/>
            <type value="normal"/>
        </arc>
        <arc id="T4 to P9" source="T4" target="P9">
            <graphics/>
            <inscription>
                <value>Default,1</value>
                <graphics/>
            </inscription>
            <tagged>
                <value>false</value>
            </tagged>
            <arcpath id="000" x="441" y="27" curvePoint="false"/>
            <arcpath id="001" x="221" y="34" curvePoint="false"/>
            <type value="normal"/>
        </arc>
        <arc id="T5 to P8" source="T5" target="P8">
            <graphics/>
            <inscription>
                <value>Default,1</value>
                <graphics/>
            </inscription>
            <tagged>
                <value>false</value>
            </tagged>
            <arcpath id="000" x="646" y="92" curvePoint="false"/>
            <arcpath id="001" x="732" y="92" curvePoint="false"/>
            <type value="normal"/>
        </arc>
        <arc id="T6 to P7" source="T6" target="P7">
            <graphics/>
            <inscription>
                <value>Default,1</value>
                <graphics/>
            </inscription>
            <tagged>
                <value>false</value>
            </tagged>
            <arcpath id="000" x="741" y="182" curvePoint="false"/>
            <arcpath id="001" x="565" y="98" curvePoint="false"/>
            <type value="normal"/>
        </arc>
        <arc id="T7 to P0" source="T7" target="P0">
            <graphics/>
            <inscription>
                <value>Default,1</value>
                <graphics/>
            </inscription>
            <tagged>
                <value>false</value>
            </tagged>
            <arcpath id="000" x="92" y="34" curvePoint="false"/>
            <arcpath id="001" x="239" y="138" curvePoint="false"/>
            <type value="normal"/>
        </arc>
        <arc id="T7 to P1" source="T7" target="P1">
            <graphics/>
            <inscription>
                <value>Default,1</value>
                <graphics/>
            </inscription>
            <tagged>
                <value>false</value>
            </tagged>
            <arcpath id="000" x="91" y="41" curvePoint="false"/>
            <arcpath id="001" x="242" y="240" curvePoint="false"/>
            <type value="normal"/>
        </arc>
    </net>
</pnml>
